<?xml version="1.0" encoding="UTF-8"?>
<exp:Export Version="3.0"
    xmlns:L7p="http://www.layer7tech.com/ws/policy"
    xmlns:exp="http://www.layer7tech.com/ws/policy/export" xmlns:wsp="http://schemas.xmlsoap.org/ws/2002/12/policy">
    <exp:References/>
    <wsp:Policy xmlns:L7p="http://www.layer7tech.com/ws/policy" xmlns:wsp="http://schemas.xmlsoap.org/ws/2002/12/policy">
        <wsp:All wsp:Usage="Required">
            <L7p:HardcodedResponse>
                <L7p:AssertionComment assertionComment="included">
                    <L7p:Properties mapValue="included">
                        <L7p:entry>
                            <L7p:key stringValue="RIGHT.COMMENT"/>
                            <L7p:value stringValue="Return HTTP response code 302"/>
                        </L7p:entry>
                    </L7p:Properties>
                </L7p:AssertionComment>
                <L7p:ResponseContentType stringValue=""/>
                <L7p:ResponseStatus stringValue="302"/>
            </L7p:HardcodedResponse>
            <L7p:AddHeader>
                <L7p:AssertionComment assertionComment="included">
                    <L7p:Properties mapValue="included">
                        <L7p:entry>
                            <L7p:key stringValue="RIGHT.COMMENT"/>
                            <L7p:value stringValue="Add a location header to the response with the destination address."/>
                        </L7p:entry>
                    </L7p:Properties>
                </L7p:AssertionComment>
                <L7p:HeaderName stringValue="Location"/>
                <L7p:HeaderValue stringValue="http://server.domain.com/service"/>
                <L7p:Target target="RESPONSE"/>
            </L7p:AddHeader>
        </wsp:All>
    </wsp:Policy>
</exp:Export>
