<?xml version="1.0" encoding="UTF-8"?>
<exp:Export Version="3.0"
    xmlns:L7p="http://www.layer7tech.com/ws/policy"
    xmlns:exp="http://www.layer7tech.com/ws/policy/export" xmlns:wsp="http://schemas.xmlsoap.org/ws/2002/12/policy">
    <exp:References>
        <IDProviderReference RefType="com.l7tech.console.policy.exporter.IdProviderReference">
            <GOID>0000000000000000fffffffffffffffe</GOID>
            <Name>Internal Identity Provider</Name>
            <Props>PD94bWwgdmVyc2lvbj0iMS4wIiBlbmNvZGluZz0iVVRGLTgiPz4KPGphdmEgdmVyc2lvbj0iMS44&#xd;
LjBfMTgxIiBjbGFzcz0iamF2YS5iZWFucy5YTUxEZWNvZGVyIj4KIDxvYmplY3QgY2xhc3M9Imph&#xd;
dmEudXRpbC5IYXNoTWFwIj4KICA8dm9pZCBtZXRob2Q9InB1dCI+CiAgIDxzdHJpbmc+YWRtaW5F&#xd;
bmFibGVkPC9zdHJpbmc+CiAgIDxib29sZWFuPnRydWU8L2Jvb2xlYW4+CiAgPC92b2lkPgogPC9v&#xd;
YmplY3Q+CjwvamF2YT4K</Props>
            <TypeVal>1</TypeVal>
        </IDProviderReference>
    </exp:References>
    <wsp:Policy xmlns:L7p="http://www.layer7tech.com/ws/policy" xmlns:wsp="http://schemas.xmlsoap.org/ws/2002/12/policy">
        <wsp:All wsp:Usage="Required">
            <L7p:CommentAssertion>
                <L7p:Comment stringValue="******************************************************"/>
            </L7p:CommentAssertion>
            <L7p:CommentAssertion>
                <L7p:Comment stringValue="**** Convert Authorization header to JWT ****"/>
            </L7p:CommentAssertion>
            <L7p:CommentAssertion>
                <L7p:Comment stringValue="******************************************************"/>
            </L7p:CommentAssertion>
            <L7p:FaultLevel>
                <L7p:LevelInfo soapFaultLevel="included">
                    <L7p:Level intValue="4"/>
                </L7p:LevelInfo>
            </L7p:FaultLevel>
            <L7p:SslAssertion/>
            <L7p:HttpBasic/>
            <L7p:SetVariable>
                <L7p:Base64Expression stringValue="JHtyZXF1ZXN0Lmh0dHAuaGVhZGVyLmF1dGhvcml6YXRpb259"/>
                <L7p:VariableToSet stringValue="authHeader"/>
            </L7p:SetVariable>
            <wsp:All wsp:Usage="Required">
                <L7p:SpecificUser>
                    <L7p:AssertionComment assertionComment="included">
                        <L7p:Properties mapValue="included">
                            <L7p:entry>
                                <L7p:key stringValue="RIGHT.COMMENT"/>
                                <L7p:value stringValue="Authenticate the user"/>
                            </L7p:entry>
                        </L7p:Properties>
                    </L7p:AssertionComment>
                    <L7p:IdentityProviderOid goidValue="0000000000000000fffffffffffffffe"/>
                    <L7p:UserLogin stringValue="admin"/>
                    <L7p:UserName stringValue="admin"/>
                    <L7p:UserUid stringValue="00000000000000000000000000000003"/>
                </L7p:SpecificUser>
                <L7p:ComparisonAssertion>
                    <L7p:AssertionComment assertionComment="included">
                        <L7p:Properties mapValue="included">
                            <L7p:entry>
                                <L7p:key stringValue="RIGHT.COMMENT"/>
                                <L7p:value stringValue="Make sure the Auth header is not blank/missing"/>
                            </L7p:entry>
                        </L7p:Properties>
                    </L7p:AssertionComment>
                    <L7p:CaseSensitive booleanValue="false"/>
                    <L7p:Expression1 stringValue="${authHeader}"/>
                    <L7p:Expression2 stringValue=""/>
                    <L7p:Negate booleanValue="true"/>
                    <L7p:Operator operator="EMPTY"/>
                    <L7p:Predicates predicates="included">
                        <L7p:item binary="included">
                            <L7p:CaseSensitive booleanValue="false"/>
                            <L7p:Negated booleanValue="true"/>
                            <L7p:Operator operator="EMPTY"/>
                            <L7p:RightValue stringValue=""/>
                        </L7p:item>
                    </L7p:Predicates>
                </L7p:ComparisonAssertion>
                <L7p:Regex>
                    <L7p:AssertionComment assertionComment="included">
                        <L7p:Properties mapValue="included">
                            <L7p:entry>
                                <L7p:key stringValue="RIGHT.COMMENT"/>
                                <L7p:value stringValue="Get the base64 encoded value from the auth header. Max 128, increase this value for longer auth headers as neeed"/>
                            </L7p:entry>
                        </L7p:Properties>
                    </L7p:AssertionComment>
                    <L7p:AutoTarget booleanValue="false"/>
                    <L7p:CaptureVar stringValue="authorization"/>
                    <L7p:OtherTargetMessageVariable stringValue="authHeader"/>
                    <L7p:Regex stringValue="[ ](.{1,128})$"/>
                    <L7p:Replacement stringValue=""/>
                    <L7p:Target target="OTHER"/>
                </L7p:Regex>
                <L7p:SetVariable>
                    <L7p:Base64Expression stringValue="JHthdXRob3JpemF0aW9uWzFdfQ=="/>
                    <L7p:VariableToSet stringValue="authorization"/>
                </L7p:SetVariable>
                <L7p:EncodeDecode>
                    <L7p:SourceVariableName stringValue="authorization"/>
                    <L7p:TargetDataType variableDataType="string"/>
                    <L7p:TargetVariableName stringValue="authorization"/>
                    <L7p:TransformType transformType="BASE64_DECODE"/>
                </L7p:EncodeDecode>
                <L7p:Regex>
                    <L7p:AssertionComment assertionComment="included">
                        <L7p:Properties mapValue="included">
                            <L7p:entry>
                                <L7p:key stringValue="RIGHT.COMMENT"/>
                                <L7p:value stringValue="Get the username/password. 64 character max, increase the value in the regex as needed for longer credentials"/>
                            </L7p:entry>
                        </L7p:Properties>
                    </L7p:AssertionComment>
                    <L7p:AutoTarget booleanValue="false"/>
                    <L7p:CaptureVar stringValue="authorization"/>
                    <L7p:OtherTargetMessageVariable stringValue="authorization"/>
                    <L7p:Regex stringValue="^([^:]{1,64}):(.{1,64})"/>
                    <L7p:Replacement stringValue=""/>
                    <L7p:Target target="OTHER"/>
                </L7p:Regex>
                <L7p:SetVariable>
                    <L7p:Base64Expression stringValue="JHthdXRob3JpemF0aW9uWzFdfQ=="/>
                    <L7p:VariableToSet stringValue="username"/>
                </L7p:SetVariable>
                <L7p:SetVariable>
                    <L7p:Base64Expression stringValue="JHthdXRob3JpemF0aW9uWzJdfQ=="/>
                    <L7p:VariableToSet stringValue="password"/>
                </L7p:SetVariable>
                <L7p:SetVariable>
                    <L7p:Base64Expression stringValue="ew0KInVzZXJuYW1lIjoiJHthdXRob3JpemF0aW9uWzFdfSIsDQoicGFzc3dvcmQiOiIke2F1dGhvcml6YXRpb25bMl19Ig0KfQ=="/>
                    <L7p:VariableToSet stringValue="payload"/>
                </L7p:SetVariable>
                <L7p:EncodeJsonWebToken>
                    <L7p:SignPayload booleanValue="true"/>
                    <L7p:SignatureAlgorithm stringValue="HS256"/>
                    <L7p:SignatureSecretKey stringValue="abeaa785-cad9-4ae9-9da8-a43ea5243beb"/>
                    <L7p:SourceVariable stringValue="${payload}"/>
                    <L7p:TargetVariable stringValue="jwt"/>
                </L7p:EncodeJsonWebToken>
                <L7p:HardcodedResponse>
                    <L7p:Base64ResponseBody stringValue="JHtqd3QuY29tcGFjdH0="/>
                    <L7p:ResponseContentType stringValue="text/plain; charset=UTF-8"/>
                </L7p:HardcodedResponse>
            </wsp:All>
        </wsp:All>
    </wsp:Policy>
</exp:Export>
