<?xml version="1.0" encoding="UTF-8"?>
<exp:Export Version="3.0"
    xmlns:L7p="http://www.layer7tech.com/ws/policy"
    xmlns:exp="http://www.layer7tech.com/ws/policy/export" xmlns:wsp="http://schemas.xmlsoap.org/ws/2002/12/policy">
    <exp:References/>
    <wsp:Policy xmlns:L7p="http://www.layer7tech.com/ws/policy" xmlns:wsp="http://schemas.xmlsoap.org/ws/2002/12/policy">
        <wsp:All wsp:Usage="Required">
            <L7p:CommentAssertion>
                <L7p:Comment stringValue="******************************************************"/>
            </L7p:CommentAssertion>
            <L7p:CommentAssertion>
                <L7p:Comment stringValue="**** Concatenate two JSON strings  ****"/>
            </L7p:CommentAssertion>
            <L7p:CommentAssertion>
                <L7p:Comment stringValue="******************************************************"/>
            </L7p:CommentAssertion>
            <L7p:SetVariable>
                <L7p:Base64Expression stringValue="eyJ1c2VyNCI6IkJpbGwiLCJ1c2VyNSI6Ik1vIiwgInVzZXI2IjoiR3JlZyJ9"/>
                <L7p:VariableToSet stringValue="source"/>
            </L7p:SetVariable>
            <L7p:Regex>
                <L7p:AutoTarget booleanValue="false"/>
                <L7p:OtherTargetMessageVariable stringValue="source"/>
                <L7p:Regex stringValue="(\{)|(\})"/>
                <L7p:Replace booleanValue="true"/>
                <L7p:Replacement stringValue=""/>
                <L7p:Target target="OTHER"/>
            </L7p:Regex>
            <L7p:HardcodedResponse>
                <L7p:Base64ResponseBody stringValue="eyJ1c2VyMSI6IkpvZSIsCiJ1c2VyMiI6IkFsZWMiLCAKInVzZXIzIjoiTWF0dCIsCiR7c291cmNlfQp9"/>
                <L7p:ResponseContentType stringValue="text/html; charset=UTF-8"/>
            </L7p:HardcodedResponse>
        </wsp:All>
    </wsp:Policy>
</exp:Export>
