<?xml version="1.0" encoding="UTF-8"?>
<exp:Export Version="3.0"
    xmlns:L7p="http://www.layer7tech.com/ws/policy"
    xmlns:exp="http://www.layer7tech.com/ws/policy/export" xmlns:wsp="http://schemas.xmlsoap.org/ws/2002/12/policy">
    <exp:References/>
    <wsp:Policy xmlns:L7p="http://www.layer7tech.com/ws/policy" xmlns:wsp="http://schemas.xmlsoap.org/ws/2002/12/policy">
        <wsp:All wsp:Usage="Required">
            <L7p:CommentAssertion>
                <L7p:Comment stringValue="**** Converts an epoch timestamp to a human-readable format ****"/>
            </L7p:CommentAssertion>
            <L7p:SetVariable>
                <L7p:AssertionComment assertionComment="included">
                    <L7p:Properties mapValue="included">
                        <L7p:entry>
                            <L7p:key stringValue="RIGHT.COMMENT"/>
                            <L7p:value stringValue="Define an epoch time"/>
                        </L7p:entry>
                    </L7p:Properties>
                </L7p:AssertionComment>
                <L7p:Base64Expression stringValue="MTU2NzA5MjI4Nw=="/>
                <L7p:VariableToSet stringValue="epoch"/>
            </L7p:SetVariable>
            <L7p:SetVariable>
                <L7p:AssertionComment assertionComment="included">
                    <L7p:Properties mapValue="included">
                        <L7p:entry>
                            <L7p:key stringValue="RIGHT.COMMENT"/>
                            <L7p:value stringValue="Use a date/time variable to convert epoch"/>
                        </L7p:entry>
                    </L7p:Properties>
                </L7p:AssertionComment>
                <L7p:Base64Expression stringValue="JHtlcG9jaH0="/>
                <L7p:DataType variableDataType="dateTime"/>
                <L7p:DateOffsetExpression stringValue=""/>
                <L7p:DateOffsetField intValue="11"/>
                <L7p:VariableToSet stringValue="convert"/>
            </L7p:SetVariable>
            <L7p:HardcodedResponse>
                <L7p:Base64ResponseBody stringValue="RXBvY2ggVGltZTogJHtlcG9jaH0KR01UOiAke2NvbnZlcnR9"/>
                <L7p:ResponseContentType stringValue="text/plain; charset=UTF-8"/>
            </L7p:HardcodedResponse>
        </wsp:All>
    </wsp:Policy>
</exp:Export>
