<?xml version="1.0" encoding="UTF-8"?>
<exp:Export Version="3.0"
    xmlns:L7p="http://www.layer7tech.com/ws/policy"
    xmlns:exp="http://www.layer7tech.com/ws/policy/export" xmlns:wsp="http://schemas.xmlsoap.org/ws/2002/12/policy">
    <exp:References/>
    <wsp:Policy xmlns:L7p="http://www.layer7tech.com/ws/policy" xmlns:wsp="http://schemas.xmlsoap.org/ws/2002/12/policy">
        <wsp:All wsp:Usage="Required">
            <L7p:CommentAssertion>
                <L7p:Comment stringValue="******************************************************"/>
            </L7p:CommentAssertion>
            <L7p:CommentAssertion>
                <L7p:Comment stringValue="**** Validate a JWT signature using JWKS                                                               ****"/>
            </L7p:CommentAssertion>
            <L7p:CommentAssertion>
                <L7p:Comment stringValue="**** This example uses the Google OAuth Playground to generate and verify the JWT  ****"/>
            </L7p:CommentAssertion>
            <L7p:CommentAssertion>
                <L7p:Comment stringValue="**** https://developers.google.com/oauthplayground/                                              ****"/>
            </L7p:CommentAssertion>
            <L7p:CommentAssertion>
                <L7p:Comment stringValue="******************************************************"/>
            </L7p:CommentAssertion>
            <L7p:FaultLevel>
                <L7p:LevelInfo soapFaultLevel="included">
                    <L7p:Level intValue="4"/>
                </L7p:LevelInfo>
            </L7p:FaultLevel>
            <L7p:SetVariable>
                <L7p:AssertionComment assertionComment="included">
                    <L7p:Properties mapValue="included">
                        <L7p:entry>
                            <L7p:key stringValue="RIGHT.COMMENT"/>
                            <L7p:value stringValue="Insert your own JWT here"/>
                        </L7p:entry>
                    </L7p:Properties>
                </L7p:AssertionComment>
                <L7p:Base64Expression stringValue="PElOU0VSVCBKV1QgSEVSRT4="/>
                <L7p:VariableToSet stringValue="jwt"/>
            </L7p:SetVariable>
            <L7p:HttpRoutingAssertion>
                <L7p:AssertionComment assertionComment="included">
                    <L7p:Properties mapValue="included">
                        <L7p:entry>
                            <L7p:key stringValue="RIGHT.COMMENT"/>
                            <L7p:value stringValue="Update this to your JWKS endpoint"/>
                        </L7p:entry>
                    </L7p:Properties>
                </L7p:AssertionComment>
                <L7p:FailOnErrorStatus booleanValue="false"/>
                <L7p:ProtectedServiceUrl stringValue="https://www.googleapis.com/oauth2/v3/certs"/>
                <L7p:ProxyPassword stringValueNull="null"/>
                <L7p:ProxyUsername stringValueNull="null"/>
                <L7p:RequestHeaderRules httpPassthroughRuleSet="included">
                    <L7p:ForwardAll booleanValue="true"/>
                    <L7p:Rules httpPassthroughRules="included">
                        <L7p:item httpPassthroughRule="included">
                            <L7p:Name stringValue="Cookie"/>
                        </L7p:item>
                        <L7p:item httpPassthroughRule="included">
                            <L7p:Name stringValue="SOAPAction"/>
                        </L7p:item>
                    </L7p:Rules>
                </L7p:RequestHeaderRules>
                <L7p:RequestParamRules httpPassthroughRuleSet="included">
                    <L7p:ForwardAll booleanValue="true"/>
                    <L7p:Rules httpPassthroughRules="included"/>
                </L7p:RequestParamRules>
                <L7p:ResponseHeaderRules httpPassthroughRuleSet="included">
                    <L7p:ForwardAll booleanValue="true"/>
                    <L7p:Rules httpPassthroughRules="included">
                        <L7p:item httpPassthroughRule="included">
                            <L7p:Name stringValue="Set-Cookie"/>
                        </L7p:item>
                    </L7p:Rules>
                </L7p:ResponseHeaderRules>
                <L7p:ResponseMsgDest stringValue="httpResponse1"/>
                <L7p:SamlAssertionVersion intValue="2"/>
            </L7p:HttpRoutingAssertion>
            <L7p:EvaluateJsonPathExpressionV2>
                <L7p:AssertionComment assertionComment="included">
                    <L7p:Properties mapValue="included">
                        <L7p:entry>
                            <L7p:key stringValue="RIGHT.COMMENT"/>
                            <L7p:value stringValue="Extract the KID values"/>
                        </L7p:entry>
                    </L7p:Properties>
                </L7p:AssertionComment>
                <L7p:Expression stringValue=".kid"/>
                <L7p:OtherTargetMessageVariable stringValue="httpResponse1"/>
                <L7p:Target target="OTHER"/>
                <L7p:VariablePrefix stringValue="kid"/>
            </L7p:EvaluateJsonPathExpressionV2>
            <L7p:LookupTrustedCertificate>
                <L7p:AssertionComment assertionComment="included">
                    <L7p:Properties mapValue="included">
                        <L7p:entry>
                            <L7p:key stringValue="RIGHT.COMMENT"/>
                            <L7p:value stringValue="This certificate will need to be imported to the Manage Certificates Dialog"/>
                        </L7p:entry>
                    </L7p:Properties>
                </L7p:AssertionComment>
                <L7p:TrustedCertificateName stringValue="*.storage.googleapis.com"/>
                <L7p:VariableName stringValue="keys"/>
            </L7p:LookupTrustedCertificate>
            <wsp:OneOrMore wsp:Usage="Required">
                <L7p:ForEachLoop L7p:Usage="Required"
                    loopVariable="kid.results" variablePrefix="kid">
                    <L7p:ItemLookupByIndex>
                        <L7p:AssertionComment assertionComment="included">
                            <L7p:Properties mapValue="included">
                                <L7p:entry>
                                    <L7p:key stringValue="RIGHT.COMMENT"/>
                                    <L7p:value stringValue="Look up the KID in the Multivalie Context Variable"/>
                                </L7p:entry>
                            </L7p:Properties>
                        </L7p:AssertionComment>
                        <L7p:IndexValue stringValue="${kid.iterations}"/>
                        <L7p:MultivaluedVariableName stringValue="kid.results"/>
                    </L7p:ItemLookupByIndex>
                    <L7p:DecodeJsonWebToken>
                        <L7p:KeyId stringValue="${output}"/>
                        <L7p:KeyType stringValue="JSON Web Key Set"/>
                        <L7p:PrivateKeySource stringValue="${httpResponse1}"/>
                        <L7p:SourcePayload stringValue="${jwt}"/>
                        <L7p:TargetVariablePrefix stringValue="validated"/>
                        <L7p:ValidationType stringValue="Using Recipient Key From Context Variable"/>
                    </L7p:DecodeJsonWebToken>
                    <L7p:assertionComment>
                        <L7p:Properties mapValue="included">
                            <L7p:entry>
                                <L7p:key stringValue="RIGHT.COMMENT"/>
                                <L7p:value stringValue="Loop through each KID value and test it"/>
                            </L7p:entry>
                        </L7p:Properties>
                    </L7p:assertionComment>
                </L7p:ForEachLoop>
                <L7p:SetVariable>
                    <L7p:Base64Expression stringValue="ZmFsc2U="/>
                    <L7p:VariableToSet stringValue="validated.valid"/>
                </L7p:SetVariable>
                <L7p:assertionComment>
                    <L7p:Properties mapValue="included">
                        <L7p:entry>
                            <L7p:key stringValue="RIGHT.COMMENT"/>
                            <L7p:value stringValue="If the signature is value we will set the VALID variable to TRUE, otherwise forcibly set it to false"/>
                        </L7p:entry>
                    </L7p:Properties>
                </L7p:assertionComment>
            </wsp:OneOrMore>
            <L7p:HardcodedResponse>
                <L7p:Base64ResponseBody stringValue="SldUIFZhbGlkOiAke3ZhbGlkYXRlZC52YWxpZH0="/>
                <L7p:ResponseContentType stringValue="text/plain; charset=UTF-8"/>
            </L7p:HardcodedResponse>
        </wsp:All>
    </wsp:Policy>
</exp:Export>
