<?xml version="1.0" encoding="UTF-8"?>
<exp:Export Version="3.0"
    xmlns:L7p="http://www.layer7tech.com/ws/policy"
    xmlns:exp="http://www.layer7tech.com/ws/policy/export" xmlns:wsp="http://schemas.xmlsoap.org/ws/2002/12/policy">
    <exp:References/>
    <wsp:Policy xmlns:L7p="http://www.layer7tech.com/ws/policy" xmlns:wsp="http://schemas.xmlsoap.org/ws/2002/12/policy">
        <wsp:All wsp:Usage="Required">
            <L7p:CommentAssertion>
                <L7p:Comment stringValue="******************************************************"/>
            </L7p:CommentAssertion>
            <L7p:CommentAssertion>
                <L7p:Comment stringValue="**** Manipulating variables with the JavaScript assertion  ****"/>
            </L7p:CommentAssertion>

            <L7p:CommentAssertion>
                <L7p:Comment stringValue="******************************************************"/>
            </L7p:CommentAssertion>
            <L7p:FaultLevel>
                <L7p:LevelInfo soapFaultLevel="included">
                    <L7p:Level intValue="4"/>
                </L7p:LevelInfo>
            </L7p:FaultLevel>
            <L7p:HttpRoutingAssertion>
                <L7p:FailOnErrorStatus booleanValue="false"/>
                <L7p:ProtectedServiceUrl stringValue="http://www.broadcom.com"/>
                <L7p:ProxyPassword stringValueNull="null"/>
                <L7p:ProxyUsername stringValueNull="null"/>
                <L7p:RequestHeaderRules httpPassthroughRuleSet="included">
                    <L7p:ForwardAll booleanValue="true"/>
                    <L7p:Rules httpPassthroughRules="included">
                        <L7p:item httpPassthroughRule="included">
                            <L7p:Name stringValue="Cookie"/>
                        </L7p:item>
                        <L7p:item httpPassthroughRule="included">
                            <L7p:Name stringValue="SOAPAction"/>
                        </L7p:item>
                    </L7p:Rules>
                </L7p:RequestHeaderRules>
                <L7p:RequestParamRules httpPassthroughRuleSet="included">
                    <L7p:ForwardAll booleanValue="true"/>
                    <L7p:Rules httpPassthroughRules="included"/>
                </L7p:RequestParamRules>
                <L7p:ResponseHeaderRules httpPassthroughRuleSet="included">
                    <L7p:ForwardAll booleanValue="true"/>
                    <L7p:Rules httpPassthroughRules="included">
                        <L7p:item httpPassthroughRule="included">
                            <L7p:Name stringValue="Set-Cookie"/>
                        </L7p:item>
                    </L7p:Rules>
                </L7p:ResponseHeaderRules>
                <L7p:ResponseMsgDest stringValue="httpresp1"/>
                <L7p:SamlAssertionVersion intValue="2"/>
            </L7p:HttpRoutingAssertion>
            <L7p:JavaScript>
                <L7p:ExecutionTimeout stringValue="0"/>
                <L7p:Name stringValue="communities"/>
                <L7p:Script stringValueReference="inline"><![CDATA[var resp = context.getOrCreateMessageVariable ('httpresp1');
var respbody = resp.getContent();
var myrespbody = 'response:' + respbody;

context.setVariable('myresp', myrespbody);]]></L7p:Script>
            </L7p:JavaScript>
            <L7p:HardcodedResponse>
                <L7p:Base64ResponseBody stringValue="JHtteXJlc3B9CgoK"/>
                <L7p:ResponseContentType stringValue="text/html"/>
            </L7p:HardcodedResponse>
        </wsp:All>
    </wsp:Policy>
</exp:Export>
