<?xml version="1.0" encoding="UTF-8"?>
<exp:Export Version="3.0"
    xmlns:L7p="http://www.layer7tech.com/ws/policy"
    xmlns:exp="http://www.layer7tech.com/ws/policy/export" xmlns:wsp="http://schemas.xmlsoap.org/ws/2002/12/policy">
    <exp:References>
        <EncapsulatedAssertionReference RefType="com.l7tech.console.policy.exporter.EncapsulatedAssertionReference">
            <Name>OTK Require OAuth 2.0 Token</Name>
            <Guid>393bcb93-82ad-4b55-8333-1119f607a560</Guid>
        </EncapsulatedAssertionReference>
    </exp:References>
    <wsp:Policy xmlns:L7p="http://www.layer7tech.com/ws/policy" xmlns:wsp="http://schemas.xmlsoap.org/ws/2002/12/policy">
        <wsp:All wsp:Usage="Required">
            <L7p:CommentAssertion>
                <L7p:Comment stringValue="******************************************************"/>
            </L7p:CommentAssertion>
            <L7p:CommentAssertion>
                <L7p:Comment stringValue="**** A very basic OAuth protected endpoint                 ****"/>
            </L7p:CommentAssertion>

            <L7p:CommentAssertion>
                <L7p:Comment stringValue="******************************************************"/>
            </L7p:CommentAssertion>
            <wsp:OneOrMore wsp:Usage="Required">
                <wsp:All wsp:Usage="Required">
                    <L7p:Encapsulated>
                        <L7p:EncapsulatedAssertionConfigGuid stringValue="393bcb93-82ad-4b55-8333-1119f607a560"/>
                        <L7p:EncapsulatedAssertionConfigName stringValue="OTK Require OAuth 2.0 Token"/>
                        <L7p:Parameters mapValue="included">
                            <L7p:entry>
                                <L7p:key stringValue="cache_lifetime"/>
                                <L7p:value stringValue="30"/>
                            </L7p:entry>
                            <L7p:entry>
                                <L7p:key stringValue="given_access_token"/>
                                <L7p:value stringValue=""/>
                            </L7p:entry>
                            <L7p:entry>
                                <L7p:key stringValue="onetime"/>
                                <L7p:value stringValue="false"/>
                            </L7p:entry>
                            <L7p:entry>
                                <L7p:key stringValue="scope_fail"/>
                                <L7p:value stringValue="false"/>
                            </L7p:entry>
                            <L7p:entry>
                                <L7p:key stringValue="scope_required"/>
                                <L7p:value stringValue=""/>
                            </L7p:entry>
                        </L7p:Parameters>
                    </L7p:Encapsulated>
                    <L7p:HardcodedResponse>
                        <L7p:Base64ResponseBody stringValue="U3VjY2Vzcw=="/>
                        <L7p:ResponseContentType stringValue="text/plain; charset=UTF-8"/>
                    </L7p:HardcodedResponse>
                </wsp:All>
                <wsp:All wsp:Usage="Required">
                    <L7p:HardcodedResponse>
                        <L7p:Base64ResponseBody stringValue="RmFpbHVyZQ=="/>
                        <L7p:ResponseContentType stringValue="text/plain; charset=UTF-8"/>
                    </L7p:HardcodedResponse>
                </wsp:All>
            </wsp:OneOrMore>
        </wsp:All>
    </wsp:Policy>
</exp:Export>
