<?xml version="1.0" encoding="UTF-8"?>
<exp:Export Version="3.0"
    xmlns:L7p="http://www.layer7tech.com/ws/policy"
    xmlns:exp="http://www.layer7tech.com/ws/policy/export" xmlns:wsp="http://schemas.xmlsoap.org/ws/2002/12/policy">
    <exp:References/>
    <wsp:Policy xmlns:L7p="http://www.layer7tech.com/ws/policy" xmlns:wsp="http://schemas.xmlsoap.org/ws/2002/12/policy">
        <wsp:All wsp:Usage="Required">
            <L7p:CommentAssertion>
                <L7p:Comment stringValue="******************************************************"/>
            </L7p:CommentAssertion>
            <L7p:CommentAssertion>
                <L7p:Comment stringValue="**** Provides a method to generate a random number ****"/>
            </L7p:CommentAssertion>
            <L7p:CommentAssertion>
                <L7p:Comment stringValue="******************************************************"/>
            </L7p:CommentAssertion>
            <L7p:SetVariable>
                <L7p:AssertionComment assertionComment="included">
                    <L7p:Properties mapValue="included">
                        <L7p:entry>
                            <L7p:key stringValue="RIGHT.COMMENT"/>
                            <L7p:value stringValue="Length of the random number"/>
                        </L7p:entry>
                    </L7p:Properties>
                </L7p:AssertionComment>
                <L7p:Base64Expression stringValue="Ng=="/>
                <L7p:VariableToSet stringValue="Length"/>
            </L7p:SetVariable>
            <wsp:All wsp:Usage="Required">
                <L7p:SetVariable>
                    <L7p:Base64Expression stringValue="JHtnYXRld2F5LnJhbmRvbS4zMi51bnNpZ25lZH0="/>
                    <L7p:LineBreak lineBreak="CR"/>
                    <L7p:VariableToSet stringValue="random_value"/>
                </L7p:SetVariable>
                <wsp:OneOrMore wsp:Usage="Required">
                    <L7p:Regex>
                        <L7p:AutoTarget booleanValue="false"/>
                        <L7p:OtherTargetMessageVariable stringValue="rnd_length"/>
                        <L7p:Regex stringValue="[0-9]+"/>
                        <L7p:RegexName stringValue="Check if length is numeric"/>
                        <L7p:Replacement stringValue=""/>
                        <L7p:Target target="OTHER"/>
                    </L7p:Regex>
                    <L7p:SetVariable>
                        <L7p:Base64Expression stringValue="JHtMZW5ndGh9"/>
                        <L7p:VariableToSet stringValue="rnd_length"/>
                    </L7p:SetVariable>
                </wsp:OneOrMore>
                <L7p:SetVariable>
                    <L7p:Base64Expression stringValue="PGEvPg=="/>
                    <L7p:ContentType stringValue="text/xml; charset=utf-8"/>
                    <L7p:DataType variableDataType="message"/>
                    <L7p:VariableToSet stringValue="dummyXml"/>
                </L7p:SetVariable>
                <L7p:SetVariable>
                    <L7p:Base64Expression stringValue="JHtybmRfbGVuZ3RofQ=="/>
                    <L7p:DataType variableDataType="int"/>
                    <L7p:VariableToSet stringValue="len"/>
                </L7p:SetVariable>
                <L7p:ResponseXpathAssertion>
                    <L7p:VariablePrefix stringValue="substr"/>
                    <L7p:XmlMsgSrc stringValue="dummyXml"/>
                    <L7p:XpathExpression xpathExpressionValue="included">
                        <L7p:Expression stringValue="substring( $random_value, string-length($random_value) - $len, $len )"/>
                        <L7p:Namespaces mapValue="included">
                            <L7p:entry>
                                <L7p:key stringValue="s"/>
                                <L7p:value stringValue="http://schemas.xmlsoap.org/soap/envelope/"/>
                            </L7p:entry>
                        </L7p:Namespaces>
                        <L7p:XpathVersion xpathVersion="XPATH_2_0"/>
                    </L7p:XpathExpression>
                </L7p:ResponseXpathAssertion>
                <L7p:SetVariable>
                    <L7p:Base64Expression stringValue="JHtzdWJzdHIucmVzdWx0c1swXX0="/>
                    <L7p:VariableToSet stringValue="output"/>
                </L7p:SetVariable>
                <L7p:HardcodedResponse>
                    <L7p:Base64ResponseBody stringValue="JHtvdXRwdXR9Cg=="/>
                    <L7p:ResponseContentType stringValue="text/plain; charset=UTF-8"/>
                </L7p:HardcodedResponse>
            </wsp:All>
        </wsp:All>
    </wsp:Policy>
</exp:Export>
