<?xml version="1.0" encoding="UTF-8"?>
<exp:Export Version="3.0"
    xmlns:L7p="http://www.layer7tech.com/ws/policy"
    xmlns:exp="http://www.layer7tech.com/ws/policy/export" xmlns:wsp="http://schemas.xmlsoap.org/ws/2002/12/policy">
    <exp:References/>
    <wsp:Policy xmlns:L7p="http://www.layer7tech.com/ws/policy" xmlns:wsp="http://schemas.xmlsoap.org/ws/2002/12/policy">
        <wsp:All wsp:Usage="Required">
            <L7p:CommentAssertion>
                <L7p:Comment stringValue="******************************************************"/>
            </L7p:CommentAssertion>
            <L7p:CommentAssertion>
                <L7p:Comment stringValue="**** Split and list multivalued query parameters ****"/>
            </L7p:CommentAssertion>
            <L7p:CommentAssertion>
                <L7p:Comment stringValue="******************************************************"/>
            </L7p:CommentAssertion>
            <L7p:FaultLevel>
                <L7p:LevelInfo soapFaultLevel="included">
                    <L7p:Level intValue="4"/>
                </L7p:LevelInfo>
            </L7p:FaultLevel>
            <L7p:Split>
                <L7p:AssertionComment assertionComment="included">
                    <L7p:Properties mapValue="included">
                        <L7p:entry>
                            <L7p:key stringValue="RIGHT.COMMENT"/>
                            <L7p:value stringValue="Example delimiter is a comma, ie: /uri?attributes=x,y,z"/>
                        </L7p:entry>
                    </L7p:Properties>
                </L7p:AssertionComment>
                <L7p:InputVariable stringValue="request.http.parameter.attributes"/>
                <L7p:OutputVariable stringValue="output"/>
            </L7p:Split>
            <L7p:ForEachLoop L7p:Usage="Required" loopVariable="output" variablePrefix="item">
                <L7p:ItemLookupByIndex>
                    <L7p:AssertionComment assertionComment="included">
                        <L7p:Properties mapValue="included">
                            <L7p:entry>
                                <L7p:key stringValue="RIGHT.COMMENT"/>
                                <L7p:value stringValue="Look up the item at each given position"/>
                            </L7p:entry>
                        </L7p:Properties>
                    </L7p:AssertionComment>
                    <L7p:IndexValue stringValue="${item.iterations}"/>
                    <L7p:MultivaluedVariableName stringValue="output"/>
                    <L7p:OutputVariableName stringValue="list"/>
                </L7p:ItemLookupByIndex>
                <L7p:SetVariable>
                    <L7p:AssertionComment assertionComment="included">
                        <L7p:Properties mapValue="included">
                            <L7p:entry>
                                <L7p:key stringValue="RIGHT.COMMENT"/>
                                <L7p:value stringValue="Add each item found to our final list"/>
                            </L7p:entry>
                        </L7p:Properties>
                    </L7p:AssertionComment>
                    <L7p:Base64Expression stringValue="UGFyYW0gJHtpdGVtLml0ZXJhdGlvbnN9OiAke2l0ZW0uY3VycmVudH0NCiR7cmVzdWx0fQ=="/>
                    <L7p:VariableToSet stringValue="result"/>
                </L7p:SetVariable>
                <L7p:assertionComment>
                    <L7p:Properties mapValue="included">
                        <L7p:entry>
                            <L7p:key stringValue="RIGHT.COMMENT"/>
                            <L7p:value stringValue="Loop through all items in the multivalued context variable"/>
                        </L7p:entry>
                    </L7p:Properties>
                </L7p:assertionComment>
            </L7p:ForEachLoop>
            <L7p:HardcodedResponse>
                <L7p:Base64ResponseBody stringValue="JHtyZXN1bHR9"/>
                <L7p:ResponseContentType stringValue="text/plain; charset=UTF-8"/>
            </L7p:HardcodedResponse>
        </wsp:All>
    </wsp:Policy>
</exp:Export>
