<?xml version="1.0" encoding="UTF-8"?>
<exp:Export Version="3.0"
    xmlns:L7p="http://www.layer7tech.com/ws/policy"
    xmlns:exp="http://www.layer7tech.com/ws/policy/export" xmlns:wsp="http://schemas.xmlsoap.org/ws/2002/12/policy">
    <exp:References/>
    <wsp:Policy xmlns:L7p="http://www.layer7tech.com/ws/policy" xmlns:wsp="http://schemas.xmlsoap.org/ws/2002/12/policy">
        <wsp:All wsp:Usage="Required">
            <L7p:CommentAssertion>
                <L7p:Comment stringValue="******************************************************"/>
            </L7p:CommentAssertion>
            <L7p:CommentAssertion>
                <L7p:Comment stringValue="**** Provides a method to retrieve a substring ****"/>
            </L7p:CommentAssertion>
            <L7p:CommentAssertion>
                <L7p:Comment stringValue="******************************************************"/>
            </L7p:CommentAssertion>
            <L7p:FaultLevel>
                <L7p:LevelInfo soapFaultLevel="included">
                    <L7p:Level intValue="4"/>
                </L7p:LevelInfo>
            </L7p:FaultLevel>
            <L7p:SetVariable>
                <L7p:AssertionComment assertionComment="included">
                    <L7p:Properties mapValue="included">
                        <L7p:entry>
                            <L7p:key stringValue="RIGHT.COMMENT"/>
                            <L7p:value stringValue="Dummy XML as we will use XPath to achieve this"/>
                        </L7p:entry>
                    </L7p:Properties>
                </L7p:AssertionComment>
                <L7p:Base64Expression stringValue="PGEvPg=="/>
                <L7p:ContentType stringValue="text/xml; charset=utf-8"/>
                <L7p:DataType variableDataType="message"/>
                <L7p:VariableToSet stringValue="dummyXml"/>
            </L7p:SetVariable>
            <L7p:SetVariable>
                <L7p:AssertionComment assertionComment="included">
                    <L7p:Properties mapValue="included">
                        <L7p:entry>
                            <L7p:key stringValue="RIGHT.COMMENT"/>
                            <L7p:value stringValue="Full string to operate on and pull a substring from"/>
                        </L7p:entry>
                    </L7p:Properties>
                </L7p:AssertionComment>
                <L7p:Base64Expression stringValue="VGhpcyBpcyBhIHRlc3Qgc3RyaW5n"/>
                <L7p:VariableToSet stringValue="string"/>
            </L7p:SetVariable>
            <L7p:SetVariable>
                <L7p:AssertionComment assertionComment="included">
                    <L7p:Properties mapValue="included">
                        <L7p:entry>
                            <L7p:key stringValue="RIGHT.COMMENT"/>
                            <L7p:value stringValue="Starting character number"/>
                        </L7p:entry>
                    </L7p:Properties>
                </L7p:AssertionComment>
                <L7p:Base64Expression stringValue="MQ=="/>
                <L7p:DataType variableDataType="int"/>
                <L7p:VariableToSet stringValue="start"/>
            </L7p:SetVariable>
            <L7p:SetVariable>
                <L7p:AssertionComment assertionComment="included">
                    <L7p:Properties mapValue="included">
                        <L7p:entry>
                            <L7p:key stringValue="RIGHT.COMMENT"/>
                            <L7p:value stringValue="Length: number of characters to retrieve"/>
                        </L7p:entry>
                    </L7p:Properties>
                </L7p:AssertionComment>
                <L7p:Base64Expression stringValue="NA=="/>
                <L7p:DataType variableDataType="int"/>
                <L7p:VariableToSet stringValue="len"/>
            </L7p:SetVariable>
            <L7p:ResponseXpathAssertion>
                <L7p:VariablePrefix stringValue="substr"/>
                <L7p:XmlMsgSrc stringValue="dummyXml"/>
                <L7p:XpathExpression xpathExpressionValue="included">
                    <L7p:Expression stringValue="substring( $string, $start, $len )"/>
                    <L7p:Namespaces mapValue="included">
                        <L7p:entry>
                            <L7p:key stringValue="s"/>
                            <L7p:value stringValue="http://schemas.xmlsoap.org/soap/envelope/"/>
                        </L7p:entry>
                    </L7p:Namespaces>
                    <L7p:XpathVersion xpathVersion="XPATH_2_0"/>
                </L7p:XpathExpression>
            </L7p:ResponseXpathAssertion>
            <L7p:HardcodedResponse>
                <L7p:Base64ResponseBody stringValue="RnVsbCBzdHJpbmc6ICR7c3RyaW5nfQoKU3RhcnQgUG9zaXRpb246ICR7U3RhcnR9Ckxlbmd0aDogJHtsZW59ClJlc3VsdDogJHtzdWJzdHIucmVzdWx0c1swXX0="/>
                <L7p:ResponseContentType stringValue="text/plain; charset=UTF-8"/>
            </L7p:HardcodedResponse>
        </wsp:All>
    </wsp:Policy>
</exp:Export>
